Aesops Fables,Aesopus,Unknown,Folk Tale,Upper Elementary,12000
Metamorphoses,Ovid,8 AD,Poem,College or Adult General,120000
Chaireas and Kallirhoe,Chariton,1st Century,Novel,College or Adult General,75000
Aithiopika,Heliodorus,3rd Century,Novel,College or Adult Advanced,150000
The Thousand and One Nights,Anonymous,1704,Folk Tale,College or Adult General,200000
The Tale of the Bamboo Cutter,Anonymous,10th century,Folk Tale,Middle School,18000
The Tale of Genji,Shikibu,1008,Novel,College or Adult General,430000
Romance of the Three Kingdoms,Guanzhong,14th century,Novel,College or Adult General,800000
The Water Margin,Naian,14th century,Novel,College or Adult General,800000
The Golden Ass,Apuleius,158,Novel,College or Adult General,64000
Tirant lo Blanc,Martorell,1490,Novel,College or Adult General,320000
La Celestina,de Rojas,1499,Play,College or Adult General,85000
Amadis of Gaul,de Montalvo,1508,Novel,College or Adult General,400000
The Life of Lazarillo de Tormes,Anonymous,1554,Novella,College or Adult General,27000
Gargantua and Pantagruel,Rabelais,1532,Novel,College or Adult General,320000
The Lusiad,Vaz de Camoes,1572,Epic Poem,College or Adult General,8816
Monkey Journey to the West,Chengen,1592,Novel,College or Adult General,320000
Euphues The Anatomy of Wit,Lyly,1578,Novel,College or Adult General,75000
The Unfortunate Traveller,Nashe,1594,Novel,College or Adult General,50000
Thomas of Reading,Deloney,1598,Novel,College or Adult General,60000
Don Quixote,de Cervantes Saavedra,1605,Novel,College or Adult General,430269
The Travels of Persiles and Sigismunda,de Cervantes Saavedra,1617,Novel,College or Adult General,160000
The Conquest of New Spain,Diaz del Castillo,1632,NonFiction Novel,College or Adult General,225000
The Adventurous Simplicissimus,von Grimmelshausen,1668,Novel,College or Adult General,173000
The Pilgrims Progress,Bunyan,1678,Allegory,College or Adult General,108260
The Princess of Clves,de La Fayette,1678,Novel,College or Adult General,78000
Oroonoko,Behn,1688,Novella,College or Adult General,30000
A Tale of a Tub,Swift,1704,Satire,College or Adult Advanced,45000
Robinson Crusoe,Defoe,1719,Novel,College or Adult General,116741
Love in Excess,Haywood,1719,Novel,College or Adult General,75000
Moll Flanders,Defoe,1722,Novel,College or Adult General,158000
Roxana,Defoe,1724,Novel,College or Adult General,145000
Gullivers Travels,Swift,1726,Novel,College or Adult General,107349
A Modest Proposal,Swift,1729,Satire,College or Adult General,3300
Joseph Andrews,Fielding,1742,Novel,College or Adult General,120000
Memoirs of Martinus Scriblerus,Arbuthnot,1741,Satire,College or Adult General,45000
Pamela,Richardson,1740,Novel,College or Adult General,155000
Clarissa,Richardson,1748,Novel,College or Adult General,984870
Roderick Random,Smollett,1748,Novel,College or Adult General,183000
Tom Jones,Fielding,1749,Novel,College or Adult General,349736
Fanny Hill,Cleland,1748,Novel,College or Adult General,114000
Peregrine Pickle,Smollett,1751,Novel,College or Adult General,325000
Amelia,Fielding,1751,Novel,College or Adult General,120000
The Female Quixote,Lennox,1752,Novel,College or Adult General,172000
Candide,Voltaire,1759,Novella,College or Adult General,41900
Rasselas,Johnson,1759,Novel,College or Adult General,47000
Julie or,the New Eloise,1761,Novel,College or Adult General,600000
mile or,On Education,1762,Treatise,College or Adult General,Unknown
The Castle of Otranto,Walpole,1764,Novel,College or Adult General,38000
The Vicar of Wakefield,Goldsmith,1766,Novel,College or Adult General,72700
Tristram Shandy,Sterne,1759,Novel,College or Adult General,215000
A Sentimental Journey,Sterne,1768,Novel,College or Adult General,38000
The Man of Feeling,Mackenzie,1771,Novel,College or Adult General,45000
Humphry Clinker,Smollett,1771,Novel,College or Adult General,155000
The Sorrows of Young Werther,Goethe,1774,Novel,College or Adult General,62000
Evelina,Burney,1778,Novel,College or Adult General,158000
Reveries of a Solitary Walker,Rousseau,1782,Memoir,College or Adult General,45000
Dangerous Liaisons,Choderlos de Laclos,1782,Novel,College or Adult General,120000
Confessions,Rousseau,1782,Autobiography,College or Adult General,206000
Cecilia,Burney,1934,Novel,College or Adult General,226000
The 120 Days of Sodom,de Sade,1904,Novel,College or Adult Advanced,123000
Anton Reiser,Moritz,1785,Novel,College or Adult General,Unknown
Vathek,Beckford,1786,Novel,College or Adult General,39000
Justine,de Sade,1791,Novel,College or Adult Advanced,126000
A Dream of Red Mansions,Xueqin,1791,Novel,College or Adult General,816000
The Adventures of Caleb Williams,Godwin,1794,Novel,College or Adult General,121000
The Interesting Narrative,Equiano,1789,Autobiography,College or Adult General,80000
The Mysteries of Udolpho,Radcliffe,1794,Novel,College or Adult General,159165
Wilhelm Meisters Apprenticeship,Goethe,1795,Novel,College or Adult General,200000
The Monk,Lewis,1796,Novel,College or Adult General,138000
Camilla,Burney,1796,Novel,College or Adult General,150000
Jacques the Fatalist,Diderot,1796,Novel,College or Adult General,110000
The Nun,Diderot,1796,Novel,College or Adult General,95000
Hyperion,Hlderlin,1797,Poem,College or Adult Advanced,25000
Castle Rackrent,Edgeworth,1800,Novel,College or Adult General,22000
Henry of Ofterdingen,Novalis,1802,Novel,College or Adult General,60000
Rameaus Nephew,Diderot,1761,Novella,College or Adult General,25000
Elective Affinities,Goethe,1809,Novel,College or Adult General,85000
The Absentee,Edgeworth,1812,Novel,College or Adult General,102000
Michael Kohlhaas,von Kleist,1810,Novella,College or Adult General,30000
Sense and Sensibility,Austen,1811,Novel,High School,119394
Pride and Prejudice,Austen,1813,Novel,High School,121533
Mansfield Park,Austen,1814,Novel,High School,159344
Emma,Austen,1815,Novel,High School,155887
Rob Roy,Scott,1817,Novel,College or Adult General,180000
Ormond,Edgeworth,1817,Novel,College or Adult General,120000
Persuasion,Austen,1817,Novel,High School,87000
Northanger Abbey,Austen,1817,Novel,High School,78700
Frankenstein,Shelley,1818,Novel,High School,74800
Ivanhoe,Scott,1820,Novel,College or Adult General,179000
The Monastery,Scott,1820,Novel,College or Adult General,150000
Melmoth the Wanderer,Maturin,1820,Novel,College or Adult General,243000
The Albigenses,Maturin,1824,Novel,College or Adult General,250000
The Life and Opinions of the Tomcat Murr,Hoffman,1820,Novel,College or Adult General,120000
The Private Memoirs and Confessions of a Justified Sinner,Hogg,1824,Novel,College or Adult General,94000
The Life of a GoodforNothing,von Eichendorff,1826,Novella,College or Adult General,30000
Last of the Mohicans,Fenimore Cooper,1826,Novel,High School,145469
The Betrothed,Manzoni,1827,Novel,College or Adult General,197000
The Red and the Black,Stendhal,1830,Novel,College or Adult General,160000
The Hunchback of Notre Dame,Hugo,1831,Novel,College or Adult General,159000
Eugene Onegin,Pushkin,1833,Novel,College or Adult General,45000
Eugnie Grandet,de Balzac,1833,Novel,College or Adult General,80000
Le Pre Goriot,de Balzac,1835,Novel,College or Adult General,137000
The Nose,Gogol,1836,Short Story,High School,7500
Oliver Twist,Dickens,1838,Novel,High School,155960
The Life and Adventures of Nicholas Nickleby,Dickens,1839,Novel,High School,225000
The Lion of Flanders,Conscience,1838,Novel,College or Adult General,160000
The Charterhouse of Parma,Stendhal,1839,Novel,College or Adult General,178000
The Fall of the House of Usher,Poe,1839,Short Story,High School,7500
Camera Obscura,Hildebrand,1837,Novel,College or Adult General,95000
A Hero of Our Times,Lermontov,1840,Novel,College or Adult General,70000
Dead Souls,Gogol,1842,Novel,College or Adult General,150000
A Christmas Carol,Dickens,1843,Novella,Middle School,28966
Lost Illusions,de Balzac,1837,Novel,College or Adult General,330000
The Pit and the Pendulum,Poe,1842,Short Story,High School,7392
Martin Chuzzlewit,Dickens,1844,Novel,College or Adult General,357489
The Purloined Letter,Poe,1844,Short Story,High School,7300
The Three Musketeers,Dumas,1844,Novel,High School,246000
La Reine Margot,Dumas,1845,Novel,College or Adult General,200000
Facundo,Sarmiento,1845,Biography,College or Adult General,75000
The Devils Pool,Sand,1846,Novella,College or Adult General,25000
The Count of MonteCristo,Dumas,1844,Novel,High School,464162
Jane Eyre,Bront,1847,Novel,High School,183858
Vanity Fair,Thackeray,1848,Novel,College or Adult General,356000
Agnes Grey,Bront,1847,Novel,College or Adult General,62000
Wuthering Heights,Bront,1847,Novel,High School,107945
The Tenant of Wildfell Hall,Bront,1848,Novel,College or Adult General,159344
Mary Barton,Gaskell,1848,Novel,College or Adult General,156000
Shirley,Bront,1849,Novel,College or Adult General,200000
David Copperfield,Dickens,1850,Novel,High School,357489
The Scarlet Letter,Hawthorne,1850,Novel,High School,63276
MobyDick,Melville,1851,Novel,College or Adult General,206052
The House of the Seven Gables,Hawthorne,1851,Novel,High School,117000
The Blithedale Romance,Hawthorne,1852,Novel,College or Adult General,80000
Uncle Toms Cabin,Beecher Stowe,1852,Novel,High School,166622
Cranford,Gaskell,1853,Novel,College or Adult General,58600
Villette,Bront,1853,Novel,College or Adult General,192000
Bleak House,Dickens,1853,Novel,College or Adult General,360947
Walden,Thoreau,1854,Memoir,College or Adult General,114634
Hard Times,Dickens,1854,Novel,High School,158000
Green Henry,Keller,1854,Novel,College or Adult General,200000
North and South,Gaskell,1854,Novel,College or Adult General,192000
Madame Bovary,Flaubert,1857,Novel,College or Adult General,117963
Indian Summer,Stifter,1857,Novel,College or Adult General,120000
Adam Bede,Eliot,1859,Novel,College or Adult General,212000
Oblomov,Goncharov,1859,Novel,College or Adult General,209000
A Tale of Two Cities,Dickens,1859,Novel,High School,135420
The Woman in White,Collins,1859,Novel,College or Adult General,155000
The Mill on the Floss,Eliot,1860,Novel,College or Adult General,206000
Castle Richmond,Trollope,1860,Novel,College or Adult General,170000
On the Eve,Turgenev,1860,Novel,College or Adult General,69000
Max Havelaar,Multatuli,1860,Novel,College or Adult General,105000
The Marble Faun,Hawthorne,1860,Novel,College or Adult General,137000
Great Expectations,Dickens,1861,Novel,High School,183349
Silas Marner,Eliot,1861,Novel,High School,84000
Fathers and Sons,Turgenev,1862,Novel,College or Adult General,68000
Les Misrables,Hugo,1862,Novel,College or Adult General,655478
The WaterBabies,Kingsley,1863,Novel,Upper Elementary,84000
Notes from the Underground,Dostoevsky,1864,Novella,College or Adult General,43600
Uncle Silas,Le Fanu,1864,Novel,College or Adult General,158000
Our Mutual Friend,Dickens,1865,Novel,College or Adult General,358000
Alices Adventures in Wonderland,Carroll,1865,Novel,Upper Elementary,27440
Journey to the Centre of the Earth,Verne,1864,Novel,Middle School,83000
Crime and Punishment,Dostoevsky,1866,Novel,College or Adult General,211591
The Last Chronicle of Barset,Trollope,1867,Novel,College or Adult General,305000
Thrse Raquin,Zola,1867,Novel,College or Adult General,75000
The Moonstone,Collins,1868,Novel,College or Adult General,158000
Little Women,Alcott,1868,Novel,Middle School,189000
The Idiot,Dostoevsky,1869,Novel,College or Adult General,240000
Maldoror,de Lautraumont,1869,Poem,College or Adult Advanced,47000
Phineas Finn,Trollope,1869,Novel,College or Adult General,247000
Sentimental Education,Flaubert,1869,Novel,College or Adult General,157000
War and Peace,Tolstoy,1869,Novel,College or Adult General,587287
He Knew He Was Right,Trollope,1869,Novel,College or Adult General,320000
King Lear of the Steppes,Turgenev,1870,Novel,College or Adult General,45000
Through the Looking Glass,Carroll,1871,Novel,Upper Elementary,27456
Middlemarch,Eliot,1871,Novel,College or Adult General,316059
Spring Torrents,Turgenev,1872,Novel,College or Adult General,70000
Erewhon,Butler,1872,Novel,College or Adult General,84000
The Devils,Dostoevsky,1872,Novel,College or Adult General,250000
In a Glass Darkly,Le Fanu,1872,Short Story,College or Adult General,45000
Around the World in Eighty Days,Verne,1872,Novel,Middle School,69000
The Enchanted Wanderer,Leskov,1873,Novella,College or Adult General,45000
Far from the Madding Crowd,Hardy,1874,Novel,College or Adult General,159000
The Temptation of Saint Anthony,Flaubert,1874,Novel,College or Adult General,75000
The Hand of Ethelberta,Hardy,1876,Novel,College or Adult General,135000
Daniel Deronda,Eliot,1876,Novel,College or Adult General,364000
Virgin Soil,Turgenev,1877,Novel,College or Adult General,150000
Pepita Jimenez,Valera,1874,Novel,College or Adult General,75000
The Crime of Father Amaro,de Queiros,1875,Novel,College or Adult General,124000
Drunkard,Zola,1897,Novel,College or Adult General,110000
Anna Karenina,Tolstoy,1877,Novel,College or Adult General,349736
Return of the Native,Hardy,1878,Novel,College or Adult General,139000
Martin Fierro,Hernandez,1872,Poem,College or Adult General,32000
The Red Room,Strindberg,1879,Novel,College or Adult General,85000
The Brothers Karamazov,Dostoevsky,1880,Novel,College or Adult General,364153
BenHur,Wallace,1880,Novel,College or Adult General,212000
Nana,Zola,1880,Novel,College or Adult General,206000
The Portrait of a Lady,James,1881,Novel,College or Adult General,161000
The House by the Medlar Tree,Verga,1881,Novel,College or Adult General,90000
The Posthumous Memoirs of Brs Cubas,de Assis,1881,Novel,College or Adult General,65000
Bouvard and Pcuchet,Flaubert,1881,Novel,College or Adult General,120000
Treasure Island,Stevenson,1883,Novel,Middle School,66000
A Womans Life,de Maupassant,1883,Novel,College or Adult General,80000
The Death of Ivan Ilyich,Tolstoy,1886,Novella,College or Adult General,21800
Against the Grain,Huysmans,1884,Novel,College or Adult General,78000
The Regents Wife,Alas,1939,Novel,College or Adult General,75000
BelAmi,de Maupassant,1885,Novel,College or Adult General,109000
Marius the Epicurean,Pater,1885,Novel,College or Adult General,120000
The Adventures of Huckleberry Finn,Twain,1884,Novel,High School,109571
Germinal,Zola,1885,Novel,College or Adult General,155000
King Solomons Mines,Rider Haggard,1885,Novel,High School,83000
Kidnapped,Stevenson,1886,Novel,Middle School,69800
The Mayor of Casterbridge,Hardy,1886,Novel,College or Adult General,108575
The Quest,van Eeden,1910,Novel,College or Adult General,Unknown
The Strange Case of Dr Jekyll and Mr Hyde,Stevenson,1886,Novella,High School,25000
She,Rider Haggard,1887,Novel,College or Adult General,97000
The Woodlanders,Hardy,1887,Novel,College or Adult General,116000
The Manors of Ulloa,Bazan,1886,Novel,College or Adult General,95000
The People of Hems,Strindberg,1903,Play,College or Adult General,Unknown
Fortunata y Jacinta,Prez Galds,1887,Novel,College or Adult General,350000
Pierre and Jean,de Maupassant,1888,Novel,College or Adult General,48000
The Master of Ballantrae,Stevenson,1889,Novel,College or Adult General,97000
Under the Yoke,Vazov,1894,Novel,College or Adult General,135000
The Child of Pleasure,DAnnunzio,1898,Novel,College or Adult General,85000
Eline Vere,Couperus,1889,Novel,College or Adult General,166000
Hunger,Hamsun,1890,Novel,College or Adult General,83000
By the Open Sea,Strindberg,1890,Novel,College or Adult General,75000
La Bte Humaine,Zola,1890,Novel,College or Adult General,117000
Thas,France,2018,Novel,College or Adult General,Unknown
The Kreutzer Sonata,Tolstoy,1889,Novella,College or Adult General,30000
The Picture of Dorian Gray,Wilde,1890,Novel,High School,78000
Down There,Huysmans,1891,Novel,College or Adult General,70000
Tess of the DUrbervilles,Hardy,1891,Novel,High School,161240
Gsta Berlings Saga,Lagerlf,1891,Novel,College or Adult General,126000
New Grub Street,Gissing,1891,Novel,College or Adult General,214000
News from Nowhere,Morris,1890,Novel,College or Adult General,80000
The Adventures of Sherlock Holmes,Doyle,1892,Short Story,High School,108520
Diary of a Nobody,Grossmith,1892,Novel,College or Adult General,51000
Born in Exile,Gissing,1892,Novel,College or Adult General,145000
The Yellow Wallpaper,Perkins Gilman,1892,Short Story,High School,6400
The Real Charlotte,Somerville  Ross,1894,Novel,College or Adult General,145000
The Viceroys,De Roberto,1894,Novel,College or Adult General,240000
Jude the Obscure,Hardy,1895,Novel,College or Adult General,158000
Effi Briest,Fontane,1895,Novel,College or Adult General,114000
The Time Machine,Wells,1895,Novella,High School,32432
The Island of Dr Moreau,Wells,1896,Novel,High School,60000
Quo Vadis,Sienkiewicz,1896,Novel,College or Adult General,230000
Dracula,Stoker,1897,Novel,High School,160000
What Maisie Knew,James,1897,Novel,College or Adult General,97000
The Invisible Man,Wells,1897,Novel,High School,60000
Compassion,Perez Galdos,1897,Novel,College or Adult General,75000
Pharoah,Prus,1895,Novel,College or Adult General,220000
Fruits of the Earth,Gide,1926,Novel,College or Adult General,75000
The War of the Worlds,Wells,1898,Novel,High School,60600
The Turn of the Screw,James,1898,Novella,College or Adult General,42800
As a Man Grows Older,Svevo,1898,Novel,College or Adult General,70000
Dom Casmurro,de Assis,1899,Novel,College or Adult General,74000
The Awakening,Chopin,1899,Novel,College or Adult General,79900
The Stechlin,Fontane,1898,Novel,College or Adult General,157000
Eclipse of the Crescent Moon,Gardonyi,1899,Novel,High School,145000
Some Experiences of an Irish RM,Somerville  Ross,1899,Novel,College or Adult General,85000
Sandokan The Tigers of Mompracem,Salgari,1900,Novel,Middle School,95000
Sister Carrie,Dreiser,1900,Novel,College or Adult General,160000
Lord Jim,Conrad,1900,Novel,College or Adult General,124933
None but the Brave,Schnitzler,1927,Play,College or Adult General,Unknown
Kim,Kipling,1901,Novel,High School,101000
Buddenbrooks,Mann,1901,Novel,College or Adult General,234000
The Hound of the Baskervilles,Doyle,1902,Novel,High School,59000
Heart of Darkness,Conrad,1899,Novella,College or Adult General,38420
The Wings of the Dove,James,1902,Novel,College or Adult General,168000
The Immoralist,Gide,1902,Novel,College or Adult General,45000
The Ambassadors,James,1903,Novel,College or Adult General,146091
The Golden Bowl,James,1904,Novel,College or Adult General,158000
The Riddle of the Sands,Childers,1903,Novel,College or Adult General,93000
The Call of the Wild,London,1903,Novel,Middle School,37000
Memoirs of my Nervous Illness,Schreber,1903,Memoir,College or Adult General,85000
The Way of All Flesh,Butler,1903,Novel,College or Adult General,168000
Hadrian the Seventh,Rolfe,1904,Novel,College or Adult General,100000
Nostromo,Conrad,1904,Novel,College or Adult General,145000
Where Angels Fear to Tread,Forster,1905,Novel,College or Adult General,49000
The House of Mirth,Wharton,1905,Novel,College or Adult General,116710
Professor Unrat,Mann,1905,Novel,College or Adult General,70000
Solitude,Catala,1905,Novel,College or Adult General,Unknown
Young Trless,Musil,1906,Novel,College or Adult Advanced,200000
The Forsyte Saga,Galsworthy,1906,Novel,College or Adult General,643000
The Jungle,Sinclair,1906,Novel,College or Adult General,116396
The Secret Agent,Conrad,1907,Novel,College or Adult General,85000
Mother,Gorky,1906,Novel,College or Adult General,150000
The House on the Borderland,Hodgson,1908,Novel,College or Adult General,52000
The Old Wives Tale,Bennett,1908,Novel,College or Adult General,233000
The Iron Heel,London,1908,Novel,College or Adult General,110000
The Inferno,Barbusse,1908,Novel,College or Adult General,70000
TonoBungay,Wells,1909,Novel,College or Adult General,156000
A Room With a View,Forster,1908,Novel,College or Adult General,69000
Strait is the Gate,Gide,1909,Novel,College or Adult General,45000
Martin Eden,London,1909,Novel,College or Adult General,158000
Three Lives,Stein,1909,Novel,College or Adult General,75000
The Notebooks of Malte Laurids Brigge,Rilke,1910,Novel,College or Adult General,70000
Howards End,Forster,1910,Novel,College or Adult General,133000
Impressions of Africa,Roussel,1910,Novel,College or Adult General,80000
Fantmas,Allain,1911,Novel,College or Adult General,75000
Ethan Frome,Wharton,1911,Novella,High School,30000
The Charwomans Daughter,Stephens,1912,Novella,High School,32000
Death in Venice,Mann,1912,Novella,College or Adult General,30000
Sons and Lovers,Lawrence,1913,Novel,College or Adult General,155000
The Ragged Trousered Philanthropists,Tressell,1914,Novel,College or Adult General,160000
Platero and I,Jimenez,1914,Novella,College or Adult General,20000
Tarzan of the Apes,Rice Burroughs,1912,Novel,Middle School,87000
Rosshalde,Hesse,1914,Novel,College or Adult General,60000
Locus Solus,Roussel,1914,Novel,College or Adult Advanced,94000
Kokoro,Soseki,1914,Novel,College or Adult General,75000
The ThirtyNine Steps,Buchan,1915,Novel,High School,39000
The Rainbow,Lawrence,1915,Novel,College or Adult General,155000
Of Human Bondage,Maugham,1915,Novel,College or Adult General,310000
The Voyage Out,Woolf,1915,Novel,College or Adult General,117000
The Good Soldier,Ford,1915,Novel,College or Adult General,73000
Rashomon,Ryunosuke,1915,Short Story,College or Adult General,4500
Under Fire,Barbusse,1916,Novel,College or Adult General,95000
A Portrait of the Artist as a Young Man,Joyce,1916,Novel,College or Adult General,96440
Bunner Sisters,Wharton,1916,Novella,High School,30000
The Underdogs,Azuela,1915,Novel,College or Adult General,68000
Pallieter,Timmermans,1916,Novel,College or Adult General,80000
The Home and the World,Tagore,1916,Novel,College or Adult General,75000
Growth of the Soil,Hamsun,1917,Novel,College or Adult General,234000
Summer,Wharton,1917,Novel,College or Adult General,75000
The Shadow Line,Conrad,1917,Novella,College or Adult General,40000
The Return of the Soldier,West,1918,Novel,College or Adult General,39233
Tarr,Lewis,1918,Novel,College or Adult General,85000
Night and Day,Woolf,1919,Novel,College or Adult General,117000
The Storm of Steel,Junger,1920,Memoir,College or Adult General,85000
Women in Love,Lawrence,1920,Novel,College or Adult General,155000
Main Street,Lewis,1920,Novel,College or Adult General,183000
The Age of Innocence,Wharton,1920,Novel,College or Adult General,123080
Crome Yellow,Huxley,1921,Novel,College or Adult General,60000
The Fox,Lawrence,1923,Novella,College or Adult General,15000
Life of Christ,Papini,1921,NonFiction Novel,College or Adult General,120000
Ulysses,Joyce,1922,Novel,College or Adult Advanced,265000
Babbitt,Lewis,1922,Novel,College or Adult General,147000
Aarons Rod,Lawrence,1922,Novel,College or Adult General,98000
The Last Days of Humanity,Kraus,1922,Play,College or Adult Advanced,300000
Claudines House,Colette,1922,Novel,College or Adult General,55000
Life and Death of Harriett Frean,Sinclair,1922,Novel,High School,37000
The Glimpses of the Moon,Wharton,1922,Novel,College or Adult General,85000
The Forest of the Hanged,Rebreanu,1922,Novel,College or Adult General,116000
Siddhartha,Hesse,1922,Novel,College or Adult General,42192
Jacobs Room,Woolf,1922,Novel,College or Adult General,54000
The Enormous Room,Cummings,1922,Memoir,College or Adult General,80000
The Garden Party,Mansfield,1922,Short Story,High School,7000
Kristin Lavransdatter,Undset,1920,Novel,College or Adult General,330000
Amok,Zweig,1922,Novella,College or Adult General,15000
Antic Hay,Huxley,1923,Novel,College or Adult General,70000
Cane,Toomer,1923,Novel,College or Adult General,42000
The Devil in the Flesh,Radiguet,1923,Novel,High School,42000
Zenos Conscience,Svevo,1923,Novel,College or Adult General,156000
A Passage to India,Forster,1924,Novel,College or Adult General,98700
We,Zamyatin,1924,Novel,College or Adult General,68000
The Magic Mountain,Mann,1924,Novel,College or Adult Advanced,365000
The Green Hat,Arlen,1924,Novel,College or Adult General,70000
Billy Budd,Foretopman,1924,Novella,College or Adult General,27000
The New World,Welde Sellase,Unknown,Other Fiction,College or Adult General,Unknown
Gentlemen Prefer Blondes,Loos,1925,Novel,College or Adult General,47000
The Professors House,Cather,1925,Novel,College or Adult General,74000
The Artamonov Business,Gorky,1925,Novel,College or Adult General,95000
The Trial,Kafka,1925,Novel,College or Adult General,78000
The Counterfeiters,Gide,1925,Novel,College or Adult General,160000
The Great Gatsby,Fitzgerald,1925,Novel,High School,47376
Mrs Dalloway,Woolf,1925,Novel,College or Adult General,63320
Manhattan Transfer,Dos Passos,1925,Novel,College or Adult General,170000
Chaka the Zulu,Mofolo,1925,Novel,College or Adult General,75000
The Making of Americans,Stein,1925,Novel,College or Adult Advanced,316059
The Murder of Roger Ackroyd,Christie,1926,Novel,High School,69244
One,No One and One Hundred Thousand,1926,Novel,College or Adult General,45000
The Plumed Serpent,Lawrence,1926,Novel,College or Adult General,137000
Under Satans Sun,Bernanos,1926,Novel,College or Adult General,76000
The Good Soldier vejk,Haek,1923,Novel,College or Adult General,218000
Alberta and Jacob,Sandel,1926,Novel,High School,85000
The Castle,Kafka,1926,Novel,College or Adult General,95000
Blindness,Green,1995,Novel,College or Adult General,70000
The Sun Also Rises,Hemingway,1926,Novel,College or Adult General,67107
Amerika,Kafka,1927,Novel,College or Adult General,85000
The Case of Sergeant Grischa,Zweig,1927,Novel,College or Adult General,120000
Tarka the Otter,Williamson,1927,Novel,Middle School,68000
To The Lighthouse,Woolf,1927,Novel,College or Adult General,66958
Remembrance of Things Past,Proust,1913,Novel,College or Adult Advanced,1220000
Steppenwolf,Hesse,1927,Novel,College or Adult General,60000
Nadja,Breton,1928,Novel,College or Adult General,30000
Quicksand,Larsen,1928,Novel,College or Adult General,68000
Decline and Fall,Waugh,1928,Novel,College or Adult General,62000
Quartet,Rhys,1928,Novel,College or Adult General,62000
The Childermass,Lewis,1928,Novel,College or Adult General,115000
Some Prefer Nettles,Tanizaki,1929,Novel,College or Adult General,60000
Parades End,Ford,1924,Novel,College or Adult General,490000
The Well of Loneliness,Hall,1928,Novel,College or Adult General,150000
Lady Chatterleys Lover,Lawrence,1928,Novel,College or Adult General,124000
Orlando,Woolf,1928,Novel,College or Adult General,94000
Story of the Eye,Bataille,1928,Novel,College or Adult General,20000
Retreat Without Song,Shahnour,1930,Novel,College or Adult General,85000
Les Enfants Terribles,Cocteau,1929,Novel,College or Adult General,40000
The Sound and the Fury,Faulkner,1929,Novel,College or Adult General,96304
Harriet Hume,West,1929,Novel,College or Adult General,70000
The Last September,Bowen,1929,Novel,College or Adult General,85000
Berlin Alexanderplatz,Dblin,1929,Novel,College or Adult General,206000
All Quiet on the Western Front,Remarque,1929,Novel,High School,61792
The Time of Indifference,Moravia,1929,Novel,College or Adult General,75000
Living,Green,2012,Novel,College or Adult General,75000
The Red Harvest,Hammett,1929,Novel,College or Adult General,60000
I Thought of Daisy,Wilson,1929,Novel,College or Adult General,45000
A Farewell to Arms,Hemingway,1929,Novel,College or Adult General,74000
Passing,Larsen,1929,Novel,High School,42000
Hebdomeros,de Chirico,1929,Novel,College or Adult General,50000
Look Homeward,Angel,1929,Novel,College or Adult General,178000
The Maltese Falcon,Hammett,1930,Novel,College or Adult General,70000
Vile Bodies,Waugh,1930,Novel,College or Adult General,67000
Her Privates We,Manning,1929,Novel,College or Adult General,117000
The Apes of God,Lewis,1930,Novel,College or Adult General,250000
Cakes and Ale,Maugham,1930,Novel,College or Adult General,75000
The Glass Key,Hammett,1931,Novel,College or Adult General,60000
Monica,Lewis,2021,Novel,College or Adult General,75000
Insatiability,Witkiewicz,1930,Novel,College or Adult Advanced,150000
The Waves,Woolf,1931,Novel,College or Adult General,68000
To the North,Bowen,1932,Novel,College or Adult General,85000
The Thin Man,Hammett,1934,Novel,College or Adult General,59900
Journey to the End of the Night,Cline,1932,Novel,College or Adult General,160000
Sunset Song,Grassic Gibbon,1932,Novel,High School,95000
The Return of Philip Latinowicz,Krleza,1932,Novel,College or Adult General,85000
The Radetzky March,Roth,1932,Novel,College or Adult General,145000
The Forbidden Realm,Slauerhoff,1932,Novel,College or Adult General,65000
Cold Comfort Farm,Gibbons,1932,Novel,College or Adult General,83000
Brave New World,Huxley,1932,Novel,High School,64431
Vipers Tangle,Mauriac,1932,Novel,College or Adult General,75000
The Man Without Qualities,Musil,1930,Novel,College or Adult Advanced,435000
Cheese,Elsschot,1933,Novel,College or Adult General,40000
Mans Fate,Malraux,1933,Novel,College or Adult General,85000
A Day Off,Jameson,1986,Novel,College or Adult General,45000
Testament of Youth,Brittain,1933,Autobiography,College or Adult General,220000
The Autobiography of Alice B Toklas,Stein,1933,Autobiography,College or Adult General,70000
Murder Must Advertise,Sayers,1933,Novel,College or Adult General,97000
Miss Lonelyhearts,West,1933,Novel,College or Adult General,27000
Call it Sleep,Roth,1934,Novel,College or Adult General,191000
The Street of Crocodiles,Schulz,1934,Short Story,College or Adult General,45000
Thank You,Jeeves,1934,Novel,High School,75000
Tender is the Night,Fitzgerald,1934,Novel,College or Adult General,117000
A Handful of Dust,Waugh,1934,Novel,College or Adult General,78000
Tropic of Cancer,Miller,1934,Novel,College or Adult General,105000
The Postman Always Rings Twice,Cain,1934,Novel,College or Adult General,32000
Novel With Cocaine,Ageyev,1934,Novel,College or Adult General,45000
Threepenny Novel,Brecht,1934,Novel,College or Adult General,75000
On the Heights of Despair,Cioran,1934,NonFiction Novella,College or Adult Advanced,25000
The Bells of Basel,Aragon,1934,Novel,College or Adult General,100000
The Nine Tailors,Sayers,1934,Novel,College or Adult General,108000
Burmese Days,Orwell,1934,Novel,College or Adult General,98000
England Made Me,Greene,1935,Novel,College or Adult General,75000
The House in Paris,Bowen,1935,Novel,College or Adult General,85000
AutodaF,Canetti,1935,Novel,College or Adult Advanced,150000
They Shoot Horses,Dont They,1935,Novel,College or Adult General,40000
The Last of Mr Norris,Isherwood,1935,Novel,College or Adult General,60000
Untouchable,Anand,1935,Novel,College or Adult General,60000
Independent People,Laxness,1934,Novel,College or Adult General,156000
Nightwood,Barnes,1936,Novel,College or Adult General,67000
At the Mountains of Madness,Lovecraft,1936,Novella,College or Adult General,40088
Absalom,Absalom,1936,Novel,College or Adult General,145000
Wild Harbour,MacPherson,1936,Novel,College or Adult General,75000
War with the Newts,Capek,1936,Novel,College or Adult General,85000
Keep the Aspidistra Flying,Orwell,1936,Novel,College or Adult General,73000
Gone With the Wind,Mitchell,1936,Novel,High School,418053
The Thinking Reed,West,1936,Novel,College or Adult General,95000
Eyeless in Gaza,Huxley,1936,Novel,College or Adult General,153000
Summer Will Show,Townsend Warner,1936,Novel,College or Adult General,97000
To Have and Have Not,Hemingway,1937,Novel,College or Adult General,68600
Rickshaw Boy,She,1937,Novel,College or Adult General,75000
Out of Africa,Dinesen,1937,Memoir,College or Adult General,117000
The Revenge for Love,Lewis,1937,Novel,College or Adult General,120000
In Parenthesis,Jones,1937,Poem,College or Adult General,24000
Ferdydurke,Gombrowicz,1937,Novel,College or Adult General,95000
The Blind Owl,Hedayat,1937,Novella,College or Adult General,30000
The Hobbit,Tolkien,1937,Novel,Middle School,95022
The Years,Woolf,1937,Novel,College or Adult General,216000
Their Eyes Were Watching God,Neale Hurston,1937,Novel,High School,71884
Of Mice and Men,Steinbeck,1937,Novella,High School,29240
Murphy,Beckett,1938,Novel,College or Adult General,62000
USA,Dos Passos,1938,Novel,College or Adult General,419000
Brighton Rock,Greene,1938,Novel,High School,97000
Cause for Alarm,Ambler,1938,Novel,College or Adult General,75000
Alamut,Bartol,1938,Novel,College or Adult General,95000
Rebecca,du Maurier,1938,Novel,High School,117000
Nausea,Sartre,1938,Novel,College or Adult General,60000
Miss Pettigrew Lives for a Day,Watson,1938,Novel,College or Adult General,62000
After the Death of Don Juan,Townsend Warner,1938,Novel,College or Adult General,85000
On the Edge of Reason,Krleza,1938,Novel,College or Adult General,75000
The Big Sleep,Chandler,1939,Novel,College or Adult General,60000
Goodbye to Berlin,Isherwood,1939,Novel,College or Adult General,69000
Coming Up for Air,Orwell,1939,Novel,High School,85000
The Grapes of Wrath,Steinbeck,1939,Novel,High School,169481
Party Going,Green,1939,Novel,College or Adult General,60000
Good Morning,Midnight,1939,Novel,College or Adult General,70000
Tropic of Capricorn,Miller,1939,Novel,College or Adult General,117000
At SwimTwoBirds,OBrien,1939,Novel,College or Adult General,85000
Finnegans Wake,Joyce,1939,Novel,College or Adult Advanced,264000
Native Son,Wright,1940,Novel,High School,108000
The Tartar Steppe,Buzzati,1940,Novel,College or Adult General,72000
The Power and the Glory,Greene,1940,Novel,College or Adult General,70000
For Whom the Bell Tolls,Hemingway,1940,Novel,College or Adult General,174106
Farewell My Lovely,Chandler,1940,Novel,College or Adult General,78000
The Hamlet,Faulkner,1940,Novel,College or Adult General,56000
Between the Acts,Woolf,1941,Novel,College or Adult General,47000
Hangover Square,Hamilton,1941,Novel,College or Adult General,107000
The Man Who Loved Children,Stead,1940,Novel,College or Adult General,206000
Broad and Alien is the World,Alegria,1941,Novel,College or Adult General,150000
The Living and the Dead,White,1941,Novel,College or Adult General,78000
The Poor Mouth,OBrien,1941,Novel,College or Adult General,40000
The Harvesters,Pavese,1949,Novel,College or Adult General,60000
Conversations In Sicily,Vittorini,1941,Novel,College or Adult General,67000
The Outsider,Camus,1942,Novel,College or Adult General,36500
Go Down,Moses,1942,Novel,College or Adult General,85000
Embers,Marai,1942,Novel,College or Adult General,65000
Chess Story,Zweig,1942,Novella,College or Adult General,20000
The Glass Bead Game,Hesse,1943,Novel,College or Adult General,180000
Caught,Green,2008,Novel,College or Adult General,103000
Joseph and His Brothers,Mann,1933,Novel,College or Adult General,540000
The Little Prince,de SaintExupry,1943,Novella,Middle School,16500
Dangling Man,Bellow,1944,Novel,College or Adult General,60000
Ficciones,Borges,1944,Short Story,College or Adult General,60000
The Razors Edge,Maugham,1944,Novel,College or Adult General,124000
Transit,Seghers,1944,Novel,College or Adult General,75000
Pippi Longstocking,Lindgren,1945,Novel,Upper Elementary,47000
Loving,Green,1945,Novel,College or Adult General,60000
The Pursuit of Love,Mitford,1945,Novel,College or Adult General,62000
Cannery Row,Steinbeck,1945,Novel,High School,42000
Animal Farm,Orwell,1945,Novella,High School,29966
The Bridge on the Drina,Andri,1945,Novel,College or Adult General,105000
Christ Stopped at Eboli,Levi,1945,Memoir,College or Adult General,75000
Arcanum 17,Breton,1945,Poem,College or Adult General,Unknown
Brideshead Revisited,Waugh,1945,Novel,College or Adult General,163000
Bosnian Chronicle,Andri,1945,Novel,College or Adult General,150000
The Tin Flute,Roy,1945,Novel,College or Adult General,157000
Andrea,Laforet,1987,NonFiction Novella,College or Adult General,Unknown
The Death of Virgil,Broch,1945,Novel,College or Adult Advanced,140000
Titus Groan,Peake,1946,Novel,College or Adult General,150000
Zorba the Greek,Kazantzkis,1946,Novel,College or Adult General,135000
Back,Green,2004,Novel,College or Adult General,102000
House in the Uplands,Caldwell,1946,Novel,College or Adult General,60000
The Path to the Nest of Spiders,Calvino,1947,Novel,College or Adult General,60000
Under the Volcano,Lowry,1947,Novel,College or Adult General,134000
If This Is a Man,Levi,1947,Autobiography,College or Adult General,67000
Exercises in Style,Queneau,1947,Novel,College or Adult General,25000
The Victim,Bellow,1947,Novel,College or Adult General,80000
The Plague,Camus,1947,Novel,College or Adult General,101000
Doctor Faustus,Mann,1947,Novel,College or Adult General,110000
Midaq Alley,Mahfouz,1947,Novel,College or Adult General,78000
Froth on the Daydream,Vian,1947,Novel,College or Adult General,50000
Journey to the Alcarria,Cela,1948,Travelogue,College or Adult General,65000
Ashes and Diamonds,Andrzejewski,1948,Novel,College or Adult General,70000
Disobedience,Moravia,1948,Novel,College or Adult General,45000
All About H Hatterr,Desani,1948,Novel,College or Adult General,78000
Cry,the Beloved Country,1948,Novel,High School,83824
The Heart of the Matter,Greene,1948,Novel,College or Adult General,97000
In The Heart of the Seas,Agnon,1948,Novel,College or Adult General,45000
This Way for the Gas,Ladies and Gentlemen,1946,Short Story,College or Adult General,45000
Death Sentence,Blanchot,1948,Novel,College or Adult Advanced,30000
Nineteen EightyFour,Orwell,1949,Novel,High School,88942
The Man With the Golden Arm,Algren,1949,Novel,College or Adult General,162000
Kingdom of This World,Carpentier,1949,Novel,College or Adult General,50000
The Heat of the Day,Bowen,1948,Novel,College or Adult General,108000
Love in a Cold Climate,Mitford,1949,Novel,College or Adult General,95000
The Case of Comrade Tulayev,Serge,1948,Novel,College or Adult General,95000
The Garden Where the Brass Band Played,Vestdijk,1950,Novel,College or Adult General,110000
I,Robot,1950,Short Story Collection,High School,70000
The Grass is Singing,Lessing,1950,Novel,College or Adult General,86000
A Town Like Alice,Shute,1950,Novel,College or Adult General,118000
The Moon and the Bonfires,Pavese,1950,Novel,College or Adult General,60000
Gormenghast,Peake,1950,Novel,College or Adult General,175000
The 13 Clocks,Thurber,1950,Novel,Middle School,24800
The Third Man,Greene,1950,Novella,High School,25000
The Labyrinth of Solitude,Paz,1950,Essay,College or Adult General,70000
The Abbot C,Bataille,1947,Novel,College or Adult General,Unknown
The Guiltless,Broch,1950,Novel,College or Adult General,Unknown
Barabbas,Lagerkvist,1950,Novel,College or Adult General,45000
The End of the Affair,Greene,1951,Novel,College or Adult General,52000
Molloy,Beckett,1951,Novel,College or Adult General,94000
The Rebel,Camus,1951,Treatise,College or Adult General,70000
The Catcher in the Rye,Salinger,1951,Novel,High School,73404
The Opposing Shore,Gracq,1951,Novel,College or Adult General,85000
Foundation,Asimov,1951,Novel,High School,90000
Malone Dies,Beckett,1951,Novel,College or Adult General,47000
Day of the Triffids,Wyndham,1951,Novel,High School,82000
Memoirs of Hadrian,Yourcenar,1951,Novel,College or Adult General,135000
The Killer Inside Me,Thompson,1952,Novel,College or Adult General,60000
The Hive,Cela,2019,Novel,High School,95000
Wise Blood,OConnor,1952,Novel,College or Adult General,50000
The Old Man and the Sea,Hemingway,1952,Novella,High School,26937
Invisible Man,Ellison,1952,Novel,College or Adult General,208620
The Judge and His Hangman,Drrenmatt,1950,Novel,High School,30000
Excellent Women,Pym,1952,Novel,College or Adult General,75000
A Thousand Cranes,Kawabata,1952,Novella,College or Adult General,30000
Go Tell It on the Mountain,Baldwin,1953,Novel,High School,97000
The Adventures of Augie March,Bellow,1953,Novel,College or Adult General,225000
Casino Royale,Fleming,1953,Novel,College or Adult General,49000
Junkie,Burroughs,1953,Novel,College or Adult General,52000
Lucky Jim,Amis,1954,Novel,College or Adult General,87000
The Lost Steps,Carpentier,1953,Novel,College or Adult General,95000
The Hothouse,Koeppen,1953,Novel,College or Adult General,85000
Watt,Beckett,1953,Novel,College or Adult General,50000
The Unnamable,Beckett,1953,Novel,College or Adult Advanced,60000
The Long Goodbye,Chandler,1953,Novel,College or Adult General,101000
The GoBetween,Hartley,1953,Novel,College or Adult General,85000
The Dark Child,Laye,1953,Autobiography,High School,60000
A Day in Spring,Kosmac,1953,Novel,College or Adult General,60000
A Ghost at Noon,Moravia,1954,Novel,College or Adult General,75000
The Story of O,Rage,1954,Novel,College or Adult General,45000
Under the Net,Murdoch,1954,Novel,College or Adult General,95000
Lord of the Flies,Golding,1954,Novel,High School,59260
The Mandarins,de Beauvoir,1954,Novel,College or Adult General,310000
Bonjour Tristesse,Sagan,1954,Novel,College or Adult General,34000
Death in Rome,Koeppen,1954,Novel,College or Adult General,85000
The Sound of Waves,Mishima,1954,Novel,High School,50000
The Unknown Soldier,Linna,1954,Novel,College or Adult General,97000
Self Condemned,Lewis,1954,Novel,College or Adult General,120000
Im Not Stiller,Frisch,1954,Novel,College or Adult General,95000
The Ragazzi,Pasolini,1955,Novel,College or Adult General,90000
The Recognitions,Gaddis,1955,Novel,College or Adult General,430000
The Burning Plain,Rulfo,1953,Short Story,College or Adult General,30000
The Quiet American,Greene,1955,Novel,College or Adult General,62680
The Trusting and the Maimed,Plunkett,1955,Short Story,College or Adult General,45000
A World of Love,Bowen,1955,Novel,College or Adult General,60000
The Tree of Man,White,1955,Novel,College or Adult General,148000
The Last Temptation of Christ,Kazantzkis,1955,Novel,College or Adult General,160000
The Devil to Pay in the Backlands,Rosa,1956,Novel,College or Adult General,200000
Lolita,Nabokov,1955,Novel,College or Adult General,112473
The Talented Mr Ripley,Highsmith,1955,Novel,College or Adult General,94000
The Lord of the Rings,Tolkien,1954,Novel,High School,455125
The Lonely Londoners,Selvon,1956,Novel,College or Adult General,38000
The Roots of Heaven,Gary,1956,Novel,College or Adult General,145000
The Floating Opera,Barth,1956,Novel,College or Adult General,70000
Seize the Day,Bellow,1956,Novella,College or Adult General,40000
Giovannis Room,Baldwin,1956,Novel,College or Adult General,52000
Justine,Durrell,1957,Novel,College or Adult General,80000
The Wonderful O,Thurber,1957,Novella,Middle School,24000
The Glass Bees,Junger,1957,Novel,College or Adult General,45000
Doctor Zhivago,Pasternak,1957,Novel,College or Adult General,186000
Pnin,Nabokov,1957,Novel,College or Adult General,60000
On the Road,Kerouac,1957,Novel,College or Adult General,98000
The Manila Rope,Meri,2020,Novel,College or Adult General,65000
The Deadbeats,Ruyslinck,1960,Novel,College or Adult General,60000
Homo Faber,Frisch,1957,Novel,College or Adult General,65000
Blue of Noon,Bataille,1957,Novel,College or Adult General,40000
The Midwich Cuckoos,Wyndham,1957,Novel,High School,60000
Voss,White,1957,Novel,College or Adult General,120000
Jealousy,RobbeGrillet,1957,Novel,College or Adult General,45000
The Birds,Vesaas,1957,Novel,College or Adult General,55000
The Once and Future King,White,1958,Novel,High School,220000
The End of the Road,Barth,1958,Novel,College or Adult General,65000
The Bell,Murdoch,1958,Novel,College or Adult General,126000
Borstal Boy,Behan,1958,Autobiography,College or Adult General,125000
Mrs Arris Goes to Paris,Gallico,1958,Novel,Upper Elementary,35000
Gabriela,Clove and Cinnamon,1958,Novel,College or Adult General,145000
Saturday Night and Sunday Morning,Sillitoe,1958,Novel,College or Adult General,95000
Things Fall Apart,Achebe,1958,Novel,High School,85000
The Bitter Glass,Dillon,1958,Novel,College or Adult General,80000
The Guide,Narayan,1958,Novel,College or Adult General,70000
The Leopard,Tomasi di Lampedusa,1958,Novel,College or Adult General,126000
Deep Rivers,Arguedas,1958,Novel,College or Adult General,70000
Breakfast at Tiffanys,Capote,1958,Novella,College or Adult General,26733
Pluck the Bud and Destroy the Offspring,Oe,1958,Novel,College or Adult General,70000
Billiards at HalfPast Nine,Bll,1959,Novel,College or Adult General,75000
Memento Mori,Spark,1959,Novel,College or Adult General,62000
Henderson the Rain King,Bellow,1959,Novel,College or Adult General,117000
Down Second Avenue,Mphahlele,1959,Autobiography,College or Adult General,75000
Cider With Rosie,Lee,1959,Memoir,High School,83000
The Tin Drum,Grass,1959,Novel,College or Adult General,183000
Naked Lunch,Burroughs,1959,Novel,College or Adult Advanced,100000
Billy Liar,Waterhouse,1959,Novel,College or Adult General,62000
Absolute Beginners,MacInnes,1959,Novel,College or Adult General,85000
Promise at Dawn,Gary,1960,Memoir,College or Adult General,110000
Rabbit,Run,1960,Novel,College or Adult General,99898
To Kill a Mockingbird,Lee,1960,Novel,High School,100388
The Magician of Lublin,Singer,1960,Novel,College or Adult General,70000
Halftime,Walser,2012,Memoir,College or Adult General,55000
The Country Girls,OBrien,1960,Novel,College or Adult General,60000
Our Ancestors,Calvino,1952,Novel,College or Adult General,80000
How It Is,Beckett,1961,Novel,College or Adult Advanced,62000
The Violent Bear it Away,OConnor,1960,Novel,College or Adult General,60000
Bebos Girl,Cassola,1960,Novel,College or Adult General,60000
Gods Bits of Wood,Sembene,1960,Novel,College or Adult General,87000
The Shipyard,Onetti,1961,Novel,College or Adult General,60000
Catch22,Heller,1961,Novel,College or Adult General,174269
Solaris,Lem,1961,Novel,College or Adult General,75000
Cat and Mouse,Grass,1961,Novel,College or Adult General,78000
The Prime of Miss Jean Brodie,Spark,1961,Novel,High School,43000
A Severed Head,Murdoch,1961,Novel,College or Adult General,60000
Franny and Zooey,Salinger,1961,Novel,College or Adult General,83000
No One Writes to the Colonel,Garca Mrquez,1961,Novella,High School,15000
Faces in the Water,Frame,1961,Novel,College or Adult General,60000
Memoirs of a Peasant Boy,Vilas,1942,Novel,College or Adult General,Unknown
Stranger in a Strange Land,Heinlein,1961,Novel,College or Adult General,234816
Labyrinths,Borges,1962,Short Story,College or Adult General,50000
The Golden Notebook,Lessing,1962,Novel,College or Adult General,187000
The Drowned World,Ballard,1962,Novel,College or Adult General,60000
Time of Silence,Martin Santos,1962,Novel,College or Adult General,90000
Pale Fire,Nabokov,1962,Novel,College or Adult General,99998
A Clockwork Orange,Burgess,1962,Novel,College or Adult General,61120
One Flew Over the Cuckoos Nest,Kesey,1962,Novel,College or Adult General,92531
The Collector,Fowles,1963,Novel,College or Adult General,87000
Girl With Green Eyes,OBrien,1962,Novel,College or Adult General,60000
The Death of Artemio Cruz,Fuentes,1962,Novel,College or Adult General,120000
The Time of the Hero,Vargas Llosa,1963,Novel,College or Adult General,121000
The Garden of the FinziContinis,Bassani,1962,Novel,College or Adult General,87000
One Day in the Life of Ivan Denisovich,Solzhenitsyn,1962,Novel,High School,58440
The Third Wedding,Taktsis,1962,Novel,College or Adult General,70000
Dog Years,Grass,1963,Novel,College or Adult General,218000
The Bell Jar,Plath,1963,Novel,High School,70000
Inside Mr Enderby,Burgess,1963,Novel,College or Adult General,75000
The Girls of Slender Means,Spark,1963,Novel,College or Adult General,41000
The Spy Who Came in from the Cold,Le Carr,1963,Novel,College or Adult General,60800
Manon des Sources,Pagnol,1966,Novel,College or Adult General,Unknown
The Graduate,Webb,1963,Novel,College or Adult General,57000
Cats Cradle,Vonnegut,1963,Novel,College or Adult General,49249
V,Pynchon,1963,Novel,College or Adult General,240000
Herzog,Bellow,1964,Novel,College or Adult General,145000
The Ravishing of Lol V Stein,Duras,1964,Novel,College or Adult General,45000
Arrow of God,Achebe,1964,Novel,College or Adult General,101000
Albert Angelo,Johnson,1964,Novel,College or Adult General,60000
Come Back,Dr Caligari,1964,Short Story,College or Adult General,45000
Three Trapped Tigers,Infante,1965,Novel,College or Adult General,160000
Sometimes a Great Notion,Kesey,1964,Novel,College or Adult General,240000
The Passion According to GH,Lispector,1964,Novel,College or Adult General,45000
Back to Oegstgeest,Wolkers,1965,Novel,College or Adult General,55000
Closely Watched Trains,Hrabal,1965,Novella,High School,25000
The River Between,Thiongo,1965,Novel,High School,55000
Garden,Ashes,1965,Novel,College or Adult General,75000
Everything That Rises Must Converge,OConnor,1965,Short Story,College or Adult General,62000
God Bless You,Mr Rosewater,1965,Novel,College or Adult General,60000
August is a Wicked Month,OBrien,1965,Novel,College or Adult General,60000
Things A Story of the Sixties,Perec,1965,Novel,College or Adult General,60000
In Cold Blood,Capote,1966,NonFiction Novel,College or Adult General,79000
Death and the Dervish,Selimovic,1966,Novel,College or Adult General,120000
Silence,Endo,1966,Novel,College or Adult General,104000
To Each His Own,Sciascia,1966,Novel,College or Adult General,45000
The Crying of Lot 49,Pynchon,1966,Novel,College or Adult General,49000
Giles GoatBoy,Barth,1966,Novel,College or Adult General,250000
Marks of Identity,Goytisolo,1966,Novel,College or Adult General,105000
The ViceConsul,Duras,1966,Novel,College or Adult General,55000
The Magus,Fowles,1965,Novel,College or Adult General,225000
Trawl,Johnson,1956,Novel,College or Adult General,75000
The Birds Fall Down,West,1966,Novel,College or Adult General,160000
A Man Asleep,Perec,1967,Novel,College or Adult General,45000
The Master and Margarita,Bulgakov,1967,Novel,College or Adult General,183000
Wide Sargasso Sea,Rhys,1966,Novel,College or Adult General,45000
The Third Policeman,OBrien,1967,Novel,College or Adult General,68000
Miramar,Mahfouz,1967,Novel,College or Adult General,85000
Z,Vassilikos,1966,Novel,College or Adult General,137000
The Joke,Kundera,1967,Novel,College or Adult General,120000
Pilgrimage,Richardson,1915,Novel,College or Adult General,1000000
The Manor,Singer,1967,Novel,College or Adult General,150000
One Hundred Years of Solitude,Garca Mrquez,1967,Novel,College or Adult General,144523
The Cubs and Other Stories,Vargas Llosa,1959,Short Story,College or Adult General,35000
Chocky,Wyndham,1968,Novella,High School,40000
No Laughing Matter,Wilson,1967,Novel,College or Adult General,150000
Day of the Dolphin,Merle,1967,Novel,College or Adult General,75000
The Electric KoolAid Acid Test,Wolfe,1968,NonFiction Novel,College or Adult General,126000
Eva Trout,Bowen,1968,Novel,College or Adult General,110000
The Cathedral,Honchar,1966,Novel,College or Adult General,95000
A Kestrel for a Knave,Hines,1968,Novel,High School,52000
In Watermelon Sugar,Brautigan,1968,Novel,College or Adult General,30000
The German Lesson,Lenz,1968,Novel,College or Adult General,150000
Dark as the Grave Wherein My Friend is Laid,Lowry,1968,Novel,College or Adult General,65000
The Quest for Christa T,Wolf,1968,Novel,College or Adult General,80000
Do Androids Dream of Electric Sheep,Dick,1968,Novel,College or Adult General,79400
2001 A Space Odyssey,Clarke,1968,Novel,College or Adult General,68000
Belle du Seigneur,Cohen,1968,Novel,College or Adult General,300000
The Nice and the Good,Murdoch,1968,Novel,College or Adult General,120000
Cancer Ward,Solzhenitsyn,1966,Novel,College or Adult General,156000
Myra Breckinridge,Vidal,1968,Novel,College or Adult General,95000
The First Circle,Solzhenitsyn,1968,Novel,College or Adult General,211000
A Void,Perec,1969,Novel,College or Adult General,60000
them,Carol Oates,1969,Novel,College or Adult General,105000
Ada,Nabokov,1969,Novel,College or Adult General,200000
The Godfather,Puzo,1969,Novel,College or Adult General,120000
Portnoys Complaint,Roth,1969,Novel,College or Adult General,104000
Jacob the Liar,Becker,1969,Novel,High School,82000
The Green Man,Amis,1969,Novel,College or Adult General,75000
The French Lieutenants Woman,Fowles,1969,Novel,College or Adult General,153000
Slaughterhouse Five,Vonnegut,1969,Novel,College or Adult General,49760
Blind Man With a Pistol,Himes,1969,Novel,College or Adult General,65000
Pricksongs and Descants,Coover,1969,Short Story,College or Adult General,70000
Tent of Miracles,Amado,1969,Novel,College or Adult General,120000
The Atrocity Exhibition,Ballard,1970,Novel,College or Adult General,45000
The Case Worker,Konrad,1963,Novel,College or Adult General,45000
Moscow Stations,Erofeyev,1992,Novel,College or Adult General,60000
Heartbreak Tango,Puig,1969,Novel,College or Adult General,68000
Season of Migration to the North,Salih,1966,Novel,College or Adult General,54000
Heres to You,Jesusa,1969,Novel,College or Adult General,90000
Fifth Business,Davies,1970,Novel,College or Adult General,100000
Play It As It Lays,Didion,1970,Novel,College or Adult General,52000
Jahrestage,Johnson,1970,Novel,College or Adult Advanced,540000
Troubles,Farrell,1970,Novel,College or Adult General,181000
Mercier and Camier,Beckett,1970,Novel,College or Adult General,45000
A World for Julius,Echenique,1970,Novel,College or Adult General,120000
I Know Why the Caged Bird Sings,Angelou,1969,Autobiography,High School,80000
Goalies Anxiety at the Penalty Kick,Handke,1970,Novel,College or Adult General,55000
The Bluest Eye,Morrison,1970,Novel,College or Adult General,51683
The Ogre,Tournier,1970,Novel,College or Adult General,110000
The Drivers Seat,Spark,1970,Novel,College or Adult General,35000
The Sea of Fertility,Mishima,1969,Novel,College or Adult General,515000
Rabbit Redux,Updike,1971,Novel,College or Adult General,135000
The Wild Boys,Burroughs,1971,Novel,College or Adult General,60000
Cataract,Osadchyi,2023,Novel,College or Adult General,Unknown
Group Portrait With Lady,Bll,1971,Novel,College or Adult General,150000
Fear and Loathing in Las Vegas,Thompson,1971,Novel,College or Adult General,79000
The Book of Daniel,Doctorow,1971,Novel,College or Adult General,145000
Lives of Girls and Women,Munro,1971,Novel,College or Adult General,74000
House Mother Normal,Johnson,1971,Novel,College or Adult General,60000
In A Free State,Naipaul,1971,Novel,College or Adult General,70000
Surfacing,Atwood,1972,Novel,College or Adult General,62000
G,Berger,1972,Novel,College or Adult General,Unknown
The Summer Book,Jansson,1972,Novel,College or Adult General,45000
The Breast,Roth,1972,Novella,College or Adult General,30000
The Twilight Years,Ariyoshi,1972,Novel,College or Adult General,75000
The Optimists Daughter,Welty,1972,Novel,College or Adult General,54400
Invisible Cities,Calvino,1972,Novel,College or Adult General,40000
Sula,Morrison,1973,Novel,College or Adult General,49864
The Black Prince,Murdoch,1973,Novel,College or Adult General,165000
Gravitys Rainbow,Pynchon,1973,Novel,College or Adult Advanced,356000
The Honorary Consul,Greene,1973,Novel,College or Adult General,90000
Crash,Ballard,1973,Novel,College or Adult General,60000
The Castle of Crossed Destinies,Calvino,1973,Novel,College or Adult General,32000
The Siege of Krishnapur,Farrell,1973,Novel,College or Adult General,120000
A Question of Power,Head,1973,Novel,College or Adult General,75000
Fear of Flying,Jong,1973,Novel,College or Adult General,121000
Breakfast of Champions,Vonnegut,1973,Novel,College or Adult General,56000
Tinker Tailor Soldier Spy,Le Carr,1974,Novel,College or Adult General,121000
The Dispossessed,Le Guin,1974,Novel,College or Adult General,109120
The Diviners,Laurence,1974,Novel,College or Adult General,178000
The Lost Honor of Katharina Blum,Bll,1974,Novel,College or Adult General,45000
Dusklands,Coetzee,1974,Novel,College or Adult General,45000
The Fan Man,Kotzwinkle,1974,Novel,College or Adult General,45000
The Port,oljan,1991,Novel,College or Adult General,Unknown
Ragtime,Doctorow,1975,Novel,College or Adult General,97000
The Commandant,Anderson,2012,Novel,College or Adult General,85000
The Year of the Hare,Paasilinna,1975,Novel,College or Adult General,55000
Humboldts Gift,Bellow,1975,Novel,College or Adult General,187000
High Rise,Ballard,1975,Novel,College or Adult General,60000
Woman at Point Zero,El Saadawi,1975,Novel,College or Adult General,35000
Willard and His Bowling Trophies,Brautigan,1975,Novel,College or Adult General,40000
Fateless,Kertsz,1975,Novel,High School,75000
The Dead Father,Barthelme,1975,Novel,College or Adult General,65000
Grimus,Rushdie,1975,Novel,College or Adult General,95000
Correction,Bernhard,1975,Novel,College or Adult General,60000
Dead Babies,Amis,1975,Novel,College or Adult General,68000
A Dance to the Music of Time,Powell,1951 to 1975,Novel,College or Adult General,1000000
W,or the Memory of Childhood,1975,Novel,College or Adult General,60000
Autumn of the Patriarch,Garca Mrquez,1975,Novel,College or Adult General,70000
Patterns of Childhood,Wolf,1976,Novel,College or Adult General,120000
Amateurs,Barthelme,1976,Novel,College or Adult General,60000
Blaming,Taylor,2000,Novel,College or Adult General,105000
Cutter and Bone,Thornburg,1976,Novel,College or Adult General,90000
Interview With the Vampire,Rice,1976,Novel,College or Adult General,138000
The Public Burning,Coover,1977,Novel,College or Adult General,240000
Ratners Star,DeLillo,1976,Novel,College or Adult General,158000
The LeftHanded Woman,Handke,1976,Novella,College or Adult General,25000
Kiss of the Spider Woman,Puig,1976,Novel,College or Adult General,62000
Almost Transparent Blue,Murakami,1976,Novel,College or Adult General,45000
In the Heart of the Country,Coetzee,1977,Novel,College or Adult General,45000
The Engineer of Human Souls,Skvorecky,1977,Novel,College or Adult General,200000
Quartet in Autumn,Pym,1977,Novel,College or Adult General,55000
The Hour of the Star,Lispector,1977,Novella,College or Adult General,21800
Song of Solomon,Morrison,1977,Novel,College or Adult General,124000
Petals of Blood,Thiongo,1977,Novel,College or Adult General,160000
The Wars,Findley,1977,Novel,High School,67000
Dispatches,Herr,1977,NonFiction Novel,College or Adult General,92000
The Shining,King,1977,Novel,High School,166622
Delta of Venus,Nin,1977,Short Story,College or Adult General,75000
The Passion of New Eve,Carter,1977,Novel,College or Adult General,70000
The Beggar Maid,Munro,1978,Short Story,College or Adult General,50000
Requiem for a Dream,Selby Jr,1978,Novel,College or Adult General,93193
The Singapore Grip,Farrell,1978,Novel,College or Adult General,268000
The Sea,The Sea,1978,Novel,College or Adult General,157000
Life A Users Manual,Perec,1978,Novel,College or Adult General,165000
The World According to Garp,Irving,1978,Novel,College or Adult General,195000
The Back Room,Gaite,1978,Novel,College or Adult General,60000
The Virgin in the Garden,Byatt,1978,Novel,College or Adult General,185000
Yes,Bernhard,1978,Novel,College or Adult General,60000
The Cement Garden,McEwan,1978,Novel,College or Adult General,51000
Hitchhikers Guide to the Galaxy,Adams,1979,Novel,High School,68000
If On a Winters Night a Traveler,Calvino,1979,Novel,College or Adult General,53000
The Safety Net,Bll,1979,Novel,College or Adult General,148000
So Long a Letter,Ba,1979,Novel,College or Adult General,20000
Burgers Daughter,Gordimer,1979,Novel,College or Adult General,127000
A Bend in the River,Naipaul,1979,Novel,College or Adult General,100000
Shikasta,Lessing,1979,Novel,College or Adult General,170000
A Dry White Season,Brink,1979,Novel,College or Adult General,95000
The Book of Laughter and Forgetting,Kundera,1979,Novel,College or Adult General,94000
Fools Gold,Douka,2004,Novel,College or Adult General,75000
Smileys People,Le Carr,1979,Novel,College or Adult General,128000
Southern Seas,Montalban,1993,Novel,College or Adult General,75000
The Name of the Rose,Eco,1980,Novel,College or Adult General,198000
City Primeval,Leonard,1980,Novel,College or Adult General,70000
Clear Light of Day,Desai,1980,Novel,College or Adult General,75000
Confederacy of Dunces,Kennedy Toole,1980,Novel,College or Adult General,124000
Rituals,Nooteboom,1980,Novel,College or Adult General,70000
Smell of Sadness,Kossmann,2022,Novel,College or Adult General,75000
Broken April,Kadare,1978,Novel,College or Adult General,60000
Rites of Passage,Golding,1980,Novel,College or Adult General,70000
Midnights Children,Rushdie,1981,Novel,College or Adult General,208773
Waiting for the Barbarians,Coetzee,1980,Novel,College or Adult General,62000
Summer in BadenBaden,Tsypkin,1981,Novel,College or Adult General,50000
The House with the Blind Glass Windows,Wassmo,1981,Novel,College or Adult General,Unknown
Leaden Wings,Jie,1987,Novel,College or Adult General,85000
The War of the End of the World,Vargas Llosa,1981,Novel,College or Adult General,257000
Lanark A Life in Four Books,Gray,1981,Novel,College or Adult General,250000
Rabbit is Rich,Updike,1981,Novel,College or Adult General,166000
The Names,DeLillo,1982,Novel,College or Adult General,125000
Concrete,Bernhard,1982,Novel,College or Adult General,45000
Couples,Passerby,2009,Novel,College or Adult General,Approximate 60000
Julys People,Gordimer,1981,Novel,College or Adult General,60000
The Comfort of Strangers,McEwan,1981,Novella,College or Adult General,39000
On the Black Hill,Chatwin,1982,Novel,College or Adult General,85000
The Newton Letter,Banville,1982,Novella,College or Adult General,25000
The House of the Spirits,Allende,1982,Novel,College or Adult General,156000
Schindlers Ark,Keneally,1982,Novel,College or Adult General,124000
A Pale View of Hills,Ishiguro,1982,Novel,College or Adult General,48000
Wittgensteins Nephew,Bernhard,1982,Novella,College or Adult General,30000
The Color Purple,Walker,1982,Novel,College or Adult General,66000
A Boys Own Story,White,1982,Novel,College or Adult General,62000
If Not Now,When,1982,Novel,College or Adult General,85000
The Book of Disquiet,Pessoa,1982,Novel,College or Adult General,117000
Baltasar and Blimunda,Saramago,1982,Novel,College or Adult General,99000
The Sorrow of Belgium,Claus,1983,Novel,College or Adult General,210000
The Piano Teacher,Jelinek,1983,Novel,College or Adult General,85000
The Diary of Jane Somers,Lessing,1984,Novel,College or Adult General,112000
The Life and Times of Michael K,Coetzee,1983,Novel,College or Adult General,68800
Waterland,Swift,1983,Novel,College or Adult General,120000
LaBrava,Leonard,1983,Novel,College or Adult General,92000
Fools of Fortune,Trevor,1983,Novel,High School,60000
Worstward Ho,Beckett,1983,Novella,College or Adult Advanced,8000
The Christmas Oratorio,Tunstrom,1983,Novel,College or Adult General,85000
Fado Alexandrino,Antunes,1983,Novel,College or Adult General,160000
The Witness,Saer,1983,Novel,College or Adult General,60000
Shame,Rushdie,1983,Novel,College or Adult General,95000
Money A Suicide Note,Amis,1984,Novel,College or Adult General,145000
Flauberts Parrot,Barnes,1984,Novel,College or Adult General,62000
Professor Martens Departure,Kross,1984,Novel,College or Adult General,85000
Blood and Guts in High School,Acker,1978,Novel,College or Adult Advanced,30000
Larva Midsummer Nights Babel,Rios,2016,Novel,College or Adult General,75000
Nights at the Circus,Carter,1984,Novel,College or Adult General,125000
Neuromancer,Gibson,1984,Novel,College or Adult General,79000
The Wasp Factory,Banks,1984,Novel,College or Adult General,70000
Democracy,Didion,1984,Novel,College or Adult General,75000
The Lover,Duras,1984,Novel,College or Adult General,39000
The Year of the Death of Ricardo Reis,Saramago,1984,Novel,College or Adult General,148000
Empire of the Sun,Ballard,1984,Novel,High School,109000
The Busconductor Hines,Kelman,1984,Novel,College or Adult General,75000
Dictionary of the Khazars,Pavic,1984,Novel,College or Adult General,90000
The Unbearable Lightness of Being,Kundera,1984,Novel,College or Adult General,85000
Legend,Gemmell,1984,Novel,College or Adult General,150000
The Young Man,Strauss,1931,Novel,College or Adult General,65000
Love Medicine,Erdrich,1984,Novel,College or Adult General,92000
White Noise,DeLillo,1985,Novel,College or Adult General,82000
Old Masters,Bernhard,1985,Novel,College or Adult General,45000
Half of Man is Woman,Xianliang,1985,Novel,College or Adult General,120000
Reasons to Live,Hempel,1985,Short Story,College or Adult General,45000
The Handmaids Tale,Atwood,1985,Novel,College or Adult General,90100
Hawksmoor,Ackroyd,1985,Novel,College or Adult General,85000
Queer,Burroughs,1985,Novel,College or Adult General,45000
Perfume,Sskind,1985,Novel,College or Adult General,83500
Blood Meridian,McCarthy,1985,Novel,College or Adult General,116000
Contact,Sagan,1985,Novel,College or Adult General,104000
Less Than Zero,Ellis,1985,Novel,College or Adult General,49000
A Maggot,Fowles,1985,Novel,College or Adult General,160000
Simon and the Oaks,Fredriksson,1985,Novel,College or Adult General,120000
The Cider House Rules,Irving,1985,Novel,College or Adult General,226000
Oranges Are Not the Only Fruit,Winterson,1985,Novel,High School,60000
Annie John,Kincaid,1985,Novel,High School,51000
The Parable of the Blind,Hofmann,2007,Novel,College or Adult General,Unknown
Love in the Time of Cholera,Garca Mrquez,1985,Novel,College or Adult General,119000
Ancestral Voices,van Heerden,1993,Novel,College or Adult General,85000
The Beautiful Mrs Seidenman,Szczypiorski,1986,Novel,College or Adult General,Approximately 60000
The Drowned and the Saved,Levi,1986,NonFiction Novel,College or Adult General,45000
Foe,Coetzee,1986,Novel,College or Adult General,42000
Watchmen,Moore,1987,Graphic Novel,College or Adult General,41625
Marya,Carol Oates,1986,Novel,College or Adult General,80000
Extinction,Bernhard,1986,Novel,College or Adult Advanced,145000
An Artist of the Floating World,Ishiguro,1986,Novel,College or Adult General,87000
Memory of Fire,Galeano,1982,NonFiction Novel,College or Adult General,150000
The Old Devils,Amis,1986,Novel,College or Adult General,104000
Matigari,Thiongo,1987,Novel,College or Adult General,60000
Anagrams,Moore,1986,Novel,College or Adult General,65000
Lost Language of Cranes,Leavitt,1986,Novel,College or Adult General,117000
The Taebaek Mountains,Cho,1986,Novel,College or Adult General,Unknown
Ballad for Georg Henig,Paskov,1997,Novel,College or Adult General,55000
Enigma of Arrival,Naipaul,1987,Novel,College or Adult General,131000
Worlds End,Boyle,1987,Novel,College or Adult General,145000
The Pigeon,Sskind,1987,Novella,College or Adult General,Unknown
Of Love and Shadows,Allende,1984,Novel,College or Adult General,89000
Beloved,Morrison,1987,Novel,College or Adult General,122000
All Souls,Marias,2001,Novel,College or Adult General,124000
The New York Trilogy,Auster,1985,Novel,College or Adult General,85000
Black Box,Oz,2012,Short Story,College or Adult General,7500
The Bonfire of the Vanities,Wolfe,1987,Novel,College or Adult General,198000
The Black Dahlia,Ellroy,1987,Novel,College or Adult General,116000
The Passion,Winterson,1987,Novel,College or Adult General,50000
The Afternoon of a Writer,Handke,1987,Novella,College or Adult General,20000
The Radiant Way,Drabble,1987,Novel,College or Adult General,120000
Kitchen,Yoshimoto,1988,Novella,College or Adult General,40000
Dirk Gentlys Holistic Detective Agency,Adams,1987,Novel,High School,82000
The Long Dark Teatime of the Soul,Adams,1988,Novel,College or Adult General,82000
Cigarettes,Mathews,2004,Novel,College or Adult General,75000
The Child in Time,McEwan,1987,Novel,College or Adult General,92000
Nervous Conditions,Dangarembga,1988,Novel,College or Adult General,85000
The Player of Games,Banks,1988,Novel,College or Adult General,101000
Libra,DeLillo,1988,Novel,College or Adult General,140000
The First Garden,Herbert,1949,Novel,College or Adult General,60000
The Last World,Ransmayr,1988,Novel,College or Adult General,75000
Oscar and Lucinda,Carey,1988,Novel,College or Adult General,183000
The Swimming Pool Library,Hollinghurst,1988,Novel,College or Adult General,124000
The Satanic Verses,Rushdie,1988,Novel,College or Adult General,212000
Wittgensteins Mistress,Markson,1988,Novel,College or Adult General,59875
The Beautiful Room is Empty,White,1988,Novel,College or Adult General,75000
Paradise of the Blind,Huong,1988,Novel,College or Adult General,85000
Foucaults Pendulum,Eco,1988,Novel,College or Adult General,213000
Cats Eye,Atwood,1988,Novel,College or Adult General,117000
The Book of Evidence,Banville,1989,Novel,College or Adult General,65000
Gimmick,Zwagerman,1989,Novel,College or Adult General,75000
Obabakoak,Atxaga,1988,Novel,College or Adult General,75000
Inland,Murnane,2019,Novel,College or Adult General,60000
A Prayer for Owen Meany,Irving,1989,Novel,College or Adult General,236061
Like Water for Chocolate,Esquivel,1989,Novel,High School,53120
The History of the Siege of Lisbon,Saramago,1989,Novel,College or Adult General,85000
The Trick is to Keep Breathing,Galloway,1989,Novel,College or Adult General,65000
The Temple of My Familiar,Walker,1989,Novel,College or Adult General,160000
The Great Indian Novel,Tharoor,1989,Novel,College or Adult General,160000
The Melancholy of Resistance,Krasznahorkai,1989,Novel,College or Adult General,120000
Remains of the Day,Ishiguro,1989,Novel,College or Adult General,99800
Billy Bathgate,Doctorow,1989,Novel,College or Adult General,125000
London Fields,Amis,1989,Novel,College or Adult General,160000
Moon Palace,Auster,1989,Novel,College or Adult General,110000
Sexing the Cherry,Winterson,1989,Novel,College or Adult General,55000
A Disaffection,Kelman,1989,Novel,College or Adult General,110000
Like Life,Moore,1990,Short Story,College or Adult General,60000
A Home at the End of the World,Cunningham,1990,Novel,College or Adult General,116000
The Buddha of Suburbia,Kureishi,1990,Novel,College or Adult General,95000
Possession,Byatt,1990,Novel,College or Adult General,166000
The Shadow Lines,Ghosh,1988,Novel,College or Adult General,101000
The Midnight Examiner,Kotzwinkle,1989,Novel,College or Adult General,75000
The Things They Carried,OBrien,1990,Novel,College or Adult General,58800
The Music of Chance,Auster,1990,Novel,College or Adult General,60000
Stone Junction,Dodge,1990,Novel,College or Adult General,Unknown
Amongst Women,McGahern,1990,Novel,College or Adult General,85000
Get Shorty,Leonard,1990,Novel,College or Adult General,93000
Wise Children,Carter,1991,Novel,College or Adult General,85000
Seor Vivo and the Coca Lord,de Bernieres,1991,Novel,College or Adult General,135000
Downriver,Sinclair,1991,Novel,High School,70000
The Daughter,Matesis,1991,Novel,College or Adult General,Unknown
Vertigo,Sebald,1990,Novel,College or Adult General,60000
Vineland,Pynchon,1990,Novel,College or Adult General,145000
American Psycho,Ellis,1991,Novel,College or Adult General,79832
The Laws,Palmen,1993,Novel,College or Adult General,Unknown
Faceless Killers,Mankell,1991,Novel,College or Adult General,85000
Astradeni,Fakinou,1982,Novel,College or Adult General,85000
Regeneration,Barker,1991,Novel,College or Adult General,95000
Typical,Powell,2013,Novel,College or Adult General,Unknown
Mao II,DeLillo,1991,Novel,College or Adult General,85000
Times Arrow,Amis,1991,Novel,College or Adult General,53000
Wild Swans,Chang,1991,Biography,College or Adult General,260000
Arcadia,Crace,1992,Novel,College or Adult General,Approximately 115000
Hideous Kinky,Freud,1992,Novel,College or Adult General,55000
Black Dogs,McEwan,1992,Novel,College or Adult General,50000
Memoirs of Rain,Gupta,1993,Novel,College or Adult General,Unknown
Asphodel,Doolittle,1992,Poem,College or Adult General,Unknown
The Heather Blazing,Tibn,1992,Novel,College or Adult General,70000
Black Water,Carol Oates,1992,Novella,College or Adult General,30000
The Butcher Boy,McCabe,1992,Novel,College or Adult General,85000
Smillas Sense of Snow,Heg,1992,Novel,College or Adult General,134000
The Dumas Club,PerezReverte,1993,Novel,College or Adult General,143000
Written on the Body,Winterson,1992,Novel,College or Adult General,52000
The Crow Road,Banks,1992,Novel,College or Adult General,173000
Indigo,Warner,1992,Novel,College or Adult General,87000
The English Patient,Ondaatje,1992,Novel,College or Adult General,94600
Jazz,Morrison,1992,Novel,College or Adult General,90400
Possessing the Secret of Joy,Walker,1992,Novel,College or Adult General,95000
A Heart So White,Marias,1992,Novel,College or Adult General,95000
All the Pretty Horses,McCarthy,1992,Novel,College or Adult General,101000
The Triple Mirror of the Self,Ghose,2001,Novel,College or Adult General,Unknown
Uncle Petros and Goldbachs Conjecture,Doxiadis,1992,Novel,College or Adult General,60000
The Discovery of Heaven,Mulisch,1992,Novel,College or Adult General,230000
Life is a Caravanserai,zdamar,1977,Novel,College or Adult General,Unknown
Before Night Falls,Arenas,1992,Autobiography,College or Adult General,120000
The Secret History,Tartt,1992,Novel,College or Adult General,153000
The Emigrants,Sebald,1992,Novel,College or Adult General,60000
The Robber Bride,Atwood,1993,Novel,College or Adult General,158000
The House of Doctor Dee,Ackroyd,1993,Novel,College or Adult General,95000
The Adventures and Misadventures of Maqroll,Mutis,1993,Novel,College or Adult General,250000
Remembering Babylon,Malouf,1993,Novel,College or Adult General,60000
The Holder of the World,Mukherjee,1993,Novel,College or Adult General,95000
The Virgin Suicides,Eugenides,1993,Novel,College or Adult General,70000
The Stone Diaries,Shields,1993,Novel,College or Adult General,95000
A Suitable Boy,Seth,1993,Novel,College or Adult General,591554
What a Carve Up,Coe,1994,Novel,College or Adult General,150000
On Love,de Botton,1993,NonFiction Novel,College or Adult General,45000
Complicity,Banks,1993,Novel,College or Adult General,120000
Operation Shylock,Roth,1993,Novel,College or Adult General,131000
The Twins,de Loo,1993,Novel,College or Adult General,120000
Looking for the Possible Dance,Kennedy,1996,Novel,College or Adult General,85000
Birdsong,Faulks,1993,Novel,College or Adult General,151000
Trainspotting,Welsh,1993,Novel,College or Adult General,83000
The Shipping News,Proulx,1993,Novel,College or Adult General,124000
Waiting for the Dark,Waiting for the Light,1994,Novel,College or Adult General,85000
The Invention of Curried Sausage,Timm,1993,Novella,College or Adult General,30000
Disappearance,Dabydeen,1993,Novel,College or Adult General,Unknown
Deep River,Endo,1993,Novel,College or Adult General,110000
Felicias Journey,Trevor,1994,Novel,College or Adult General,95000
Captain Corellis Mandolin,de Bernieres,1994,Novel,College or Adult General,160000
How Late It Was,How Late,1994,Novel,College or Adult General,100000
City Sister Silver,Topol,1994,Novel,College or Adult General,220000
Pereira Declares A Testimony,Tabucchi,1994,Novel,College or Adult General,55000
The WindUp Bird Chronicle,Murakami,1994,Novel,College or Adult General,300000
The Master of Petersburg,Coetzee,1994,Novel,College or Adult General,78000
Our Lady of the Assassins,Vallejo,1994,Novel,College or Adult General,35000
Land,Kyungni,1969,Novel,College or Adult General,500000
Whatever,Houellebecq,1994,Novel,College or Adult General,45000
The Folding Star,Hollinghurst,1994,Novel,College or Adult General,150000
Mr Vertigo,Auster,1994,Novel,College or Adult General,95000
Troubling Love,Ferrante,1992,Novel,College or Adult General,55000
The LateNight News,Markaris,2006,Novel,College or Adult General,95000
The End of the Story,Davis,1995,Novel,College or Adult General,85000
Loves Work,Rose,1995,Memoir,College or Adult General,45000
A Fine Balance,Mistry,1995,Novel,College or Adult General,367000
The Reader,Schlink,1995,Novel,College or Adult General,69500
The Rings of Saturn,Sebald,1995,Novel,College or Adult General,95000
Sabbaths Theater,Roth,1995,Novel,College or Adult General,145000
The Moors Last Sigh,Rushdie,1995,Novel,College or Adult General,147000
The Information,Amis,1995,Novel,College or Adult General,150000
Santa Evita,Martinez,1995,Novel,College or Adult General,120000
Morvern Callar,Warner,1995,Novel,College or Adult General,85000
The Unconsoled,Ishiguro,1995,Novel,College or Adult General,156000
Alias Grace,Atwood,1996,Novel,College or Adult General,157165
The Clay MachineGun,Pelevin,1996,Novel,College or Adult General,75000
Infinite Jest,Wallace,1996,Novel,College or Adult Advanced,543709
Forever a Stranger,Haasse,1973,Novel,College or Adult General,Unknown
The Ghost Road,Barker,1995,Novel,College or Adult General,94000
Fugitive Pieces,Michaels,1996,Novel,College or Adult General,108000
Hallucinating Foucault,Duncker,1996,Novel,College or Adult General,55000
Cocaine Nights,Ballard,1996,Novel,College or Adult General,85000
A Light Comedy,Mendoza,Unknown,Play,College or Adult General,Unknown
Fall on Your Knees,MacDonald,1996,Novel,College or Adult General,190000
Silk,Baricco,1996,Novella,College or Adult General,15000
The Untouchable,Banville,1997,Novel,College or Adult General,146000
American Pastoral,Roth,1997,Novel,College or Adult General,158000
The God of Small Things,Roy,1997,Novel,College or Adult General,109000
Mason  Dixon,Pynchon,1997,Novel,College or Adult Advanced,385000
Margot and the Angels,Hemmerechts,1992,Novel,College or Adult General,60000
The Life of Insects,Pelevin,1996,Novel,College or Adult General,85000
Money to Burn,Piglia,1997,Novel,College or Adult General,85000
Jack Maggs,Carey,1997,Novel,College or Adult General,150000
Underworld,DeLillo,1997,Novel,College or Adult General,240000
Enduring Love,McEwan,1997,Novel,College or Adult General,95000
Great Apes,Self,1997,Novel,College or Adult General,110000
Memoirs of a Geisha,Golden,1997,Novel,College or Adult General,186418
Crossfire,Miyabe,1998,Novel,College or Adult General,120000
The Poisonwood Bible,Kingsolver,1998,Novel,College or Adult General,177000
Veronika Decides to Die,Coelho,1998,Novel,College or Adult General,52000
The Hours,Cunningham,1998,Novel,College or Adult General,94000
Another World,Barker,1998,Novel,College or Adult General,110000
Glamorama,Ellis,1998,Novel,College or Adult General,145000
Tipping the Velvet,Waters,1998,Novel,College or Adult General,150000
All Souls Day,Nooteboom,1998,Novel,College or Adult General,85000
Cloudsplitter,Banks,1998,Novel,College or Adult General,356000
Amsterdam,McEwan,1998,Novel,College or Adult General,58000
Intimacy,Kureishi,1998,Novella,College or Adult General,25000
The Heretic,Delibes,1998,Novel,College or Adult General,160000
Elementary Particles,Houellebecq,1998,Novel,College or Adult General,95000
Sputnik Sweetheart,Murakami,1999,Novel,College or Adult General,62000
The Talk of the Town,OHanlon,1998,Novel,College or Adult General,Unknown
Dirty Havana Trilogy,Gutierrez,1998,Novel,College or Adult General,145000
Savage Detectives,Bolano,1998,Novel,College or Adult General,160000
Disgrace,Coetzee,1999,Novel,College or Adult General,93788
The Ground Beneath Her Feet,Rushdie,1999,Novel,College or Adult General,200000
As If I Am Not There,Drakulic,1999,Novel,College or Adult General,55000
Cryptonomicon,Stephenson,1999,Novel,College or Adult General,415000
The Romantics,Mishra,2004,NonFiction Novel,College or Adult General,110000
Timbuktu,Auster,1999,Novella,College or Adult General,39000
Pavels Letters,Maron,1999,Novel,College or Adult General,Unknown
In Search of Klingsor,Volpi,1999,Novel,College or Adult General,140000
The Museum of Unconditional Surrender,Ugresic,1998,Novel,College or Adult General,85000
Fear and Trembling,Nothomb,1999,Novel,College or Adult General,35000
Everything You Need,Kennedy,2000,Novel,College or Adult General,104000
Pastoralia,Saunders,2000,Short Story,College or Adult General,32000
Blonde,Carol Oates,2000,Novel,College or Adult General,220000
House of Leaves,Danielewski,2000,Novel,College or Adult General,206000
SuperCannes,Ballard,2000,Novel,College or Adult General,125000
Bartleby and Co,VilaMatas,2000,Novel,College or Adult General,45000
Celestial Harmonies,Esterhzy,2004,Novel,College or Adult General,150000
Nineteen Seventy Seven,Peace,2000,Novel,College or Adult General,110000
Ignorance,Kundera,2000,Novel,College or Adult General,60000
Small Remedies,Deshpande,2000,Novel,College or Adult General,110000
After the Quake,Murakami,2000,Short Story,College or Adult General,45000
The Blind Assassin,Atwood,2000,Novel,College or Adult General,155960
The Human Stain,Roth,2000,Novel,College or Adult General,138000
How the Dead Live,Self,2000,Novel,College or Adult General,95000
City of God,Doctorow,2000,Novel,College or Adult General,110000
White Teeth,Smith,2000,Novel,College or Adult General,169000
Under the Skin,Faber,2000,Novel,College or Adult General,82000
The Heart of Redness,Mda,2000,Novel,College or Adult General,87000
Spring Flowers,Spring Frost,2002,Novel,College or Adult General,65000
The Devil and Miss Prym,Coelho,2000,Novel,College or Adult General,52000
An Obedient Father,Sharma,2000,Novel,College or Adult General,95000
The Amazing Adventures of Kavalier  Clay,Chabon,2000,Novel,College or Adult General,200000
The Feast of the Goat,Vargas Llosa,2000,Novel,College or Adult General,165000
Im Not Scared,Ammaniti,2001,Novel,High School,75000
Soldiers of Salamis,Cercas,2001,Novel,College or Adult General,85000
Atonement,McEwan,2001,Novel,College or Adult General,123378
Schooling,McGowan,2010,Novel,College or Adult General,85000
Austerlitz,Sebald,2001,Novel,College or Adult General,100000
Gabriels Gift,Kureishi,2001,Novel,College or Adult General,65000
The Book of Illusions,Auster,2002,Novel,College or Adult General,105000
Life of Pi,Martel,2001,Novel,High School,101027
Choke,Palahniuk,2001,Novel,College or Adult General,77100
At Swim,Two Boys,2001,Novel,College or Adult General,200000
Fury,Rushdie,2001,Novel,College or Adult General,85000
The Body Artist,DeLillo,2001,Novella,College or Adult General,30000
Dont Move,Mazzantini,2001,Novel,College or Adult General,95000
The Corrections,Franzen,2001,Novel,College or Adult General,234000
Platform,Houellebecq,2001,Novel,College or Adult General,105000
Snow,Pamuk,2002,Novel,College or Adult General,150000
Nowhere Man,Hemon,2002,Novel,College or Adult General,60000
Dead Air,Banks,2002,Novel,College or Adult General,120000
Youth,Coetzee,2002,Novel,College or Adult General,57000
Middlesex,Eugenides,2002,Novel,College or Adult General,209000
Shroud,Banville,2002,Novel,College or Adult General,105000
In the Forest,OBrien,2002,Novel,College or Adult General,124000
That They May Face the Rising Sun,McGahern,2002,Novel,College or Adult General,95000
The Story of Lucy Gault,Trevor,2002,Novel,College or Adult General,85000
Everything is Illuminated,Foer,2002,Novel,College or Adult General,110000
The Double,Saramago,2002,Novel,College or Adult General,107000
Fingersmith,Waters,2002,Novel,College or Adult General,240000
Family Matters,Mistry,2002,Novel,College or Adult General,153000
London Orbital,Sinclair,2002,NonFiction Novel,College or Adult General,150000
Elizabeth Costello,Coetzee,2003,Novel,College or Adult General,85000
Kafka on the Shore,Murakami,2002,Novel,College or Adult General,138000
Unless,Shields,2002,Novel,College or Adult General,85000
Islands,Sleigh,2012,Novel,College or Adult General,Unknown
The Namesake,Lahiri,2003,Novel,College or Adult General,99100
Vernon God Little,Pierre,2003,Novel,College or Adult General,82000
The Successor,Kadare,2003,Novel,College or Adult General,60000
Lady Number Thirteen,Somoza,2006,Novel,College or Adult General,110000
What I Loved,Hustvedt,2003,Novel,College or Adult General,141000
The Light of Day,Swift,2003,Novel,College or Adult General,85000
Thursbitch,Garner,2003,Novel,College or Adult General,75000
The Colour,Tremain,2003,Novel,College or Adult General,100000
Drop City,Boyle,2003,Novel,College or Adult General,134000
The Curious Incident of the Dog in the Night Time,Haddon,2003,Novel,High School,62000
A Tale of Love and Darkness,Oz,2002,Memoir,College or Adult General,197000
Your Face Tomorrow,Marias,2002,Novel,College or Adult General,300000
Cloud Atlas,Mitchell,2004,Novel,College or Adult General,166000
Dining on Stones,Sinclair,2004,Novel,College or Adult General,Unknown
The Lambs of London,Ackroyd,2004,Novel,College or Adult General,60000
Vanishing Point,Markson,2004,Novel,College or Adult General,50000
The Swarm,Schatzing,2004,Novel,College or Adult General,300000
Suite Francaise,Nemirovsky,2004,Novel,College or Adult General,130000
The Master,Tibn,2004,Novel,College or Adult General,130000
The Plot Against America,Roth,2004,Novel,College or Adult General,139000
The Red Queen,Drabble,2004,Novel,College or Adult General,109000
The Book about Blanche and Marie,Enquist,2004,Novel,College or Adult General,72000
Small Island,Levy,2004,Novel,College or Adult General,153000
2666,Bolano,2004,Novel,College or Adult Advanced,400000
The Line of Beauty,Hollinghurst,2004,Novel,College or Adult General,153000
The Accidental,Smith,2005,Novel,College or Adult General,95000
Adjunct An Undigest,Manson,2012,Novel,College or Adult General,70000
Slow Man,Coetzee,2005,Novel,College or Adult General,90000
On Beauty,Smith,2005,Novel,College or Adult General,120000
Saturday,McEwan,2005,Novel,College or Adult General,107000
Never Let Me Go,Ishiguro,2005,Novel,College or Adult General,99377
The Sea,Banville,2005,Novel,College or Adult General,68000
A Short History of Tractors in Ukrainian,Lewycka,2005,Novel,College or Adult General,95000
Measuring the World,Kehlmann,2005,Novel,College or Adult General,80000
The History of Love,Krauss,2005,Novel,College or Adult General,83800
Mothers Milk,St Aubyn,2006,Novel,College or Adult General,85000
Carry Me Down,Hyland,2006,Novel,College or Adult General,65000
Against the Day,Pynchon,2006,Novel,College or Adult Advanced,425000
The Inheritance of Loss,Desai,2006,Novel,College or Adult General,124000
The Kindly Ones,Littell,2006,Novel,College or Adult General,365000
Half of a Yellow Sun,Adichie,2006,Novel,College or Adult General,138000
The Reluctant Fundamentalist,Hamid,2007,Novel,College or Adult General,59245
Falling Man,DeLillo,2007,Novel,College or Adult General,117000
Animals People,Sinha,2007,Novel,College or Adult General,125000
Elegance of the Hedgehog,Barbery,2006,Novel,College or Adult General,110000
The Gathering,Enright,2007,Novel,College or Adult General,87000
The Brief Wondrous Life of Oscar Wao,Daz,2007,Novel,College or Adult General,140000
The Blind Side of the Heart,Franck,2007,Novel,College or Adult General,126000
Kieron Smith,boy,2008,Novel,High School,110000
Home,Robinson,2008,Novel,College or Adult General,65000
The White Tiger,Adiga,2008,Novel,College or Adult General,104000
Cost,Robinson,2008,Novel,College or Adult General,104000
Invisible,Auster,2009,Novel,College or Adult General,85000
The Childrens Book,Byatt,2009,Novel,College or Adult General,356000
American Rust,Meyer,2009,Novel,College or Adult General,124000
1Q84,Murakami,2009,Novel,College or Adult General,387000
Cain,Saramago,2009,Novel,College or Adult General,45000
A Gate at the Stairs,Moore,2009,Novel,College or Adult General,95000
Freedom,Franzen,2010,Novel,College or Adult General,198000
Nemesis,Roth,2010,Novel,College or Adult General,82000
The Marriage Plot,Eugenides,2011,Novel,College or Adult General,149000
The Sense of an Ending,Barnes,2011,Novel,College or Adult General,42000
A Visit from the Goon Squad,Egan,2010,Novel,College or Adult General,94000
There but for the,Smith,2011,Novel,College or Adult General,85000
The Art of Fielding,Harbach,2011,Novel,College or Adult General,197000
The Goldfinch,Tartt,2013,Novel,College or Adult General,296000
The Circle,Eggers,2013,Novel,College or Adult General,155000
Americanah,Adichie,2013,Novel,College or Adult General,169000
The Flamethrowers,Kushner,2013,Novel,College or Adult General,145000
A Girl is a Halfformed Thing,McBride,2013,Novel,College or Adult General,89000
H is for Hawk,Macdonald,2014,Memoir,College or Adult General,102000
1004,Lerner,2012,Novel,College or Adult General,Unknown
The Story of the Lost Child,Ferrante,2014,Novel,College or Adult General,160000
Winter,Smith,1961,Novel,College or Adult General,108000
HAPPY,Barker,2019,Novel,College or Adult General,100000
Tyll,Daniel Kehlmann,2017,Novel,College or Adult General,108000
Night Boat to Tangier,Kevin Barry,2019,Novel,College or Adult General,60000
